{
 "input":{
   "file name":"/Users/sjspielman/Research/book-chapter-2017/datasets/pb2_small.dat",
   "number of sequences":35,
   "number of sites":759,
   "partition count":1,
   "trees":{
     "0":"((((((Av_ABC66473:0.045949,Av_ABJ96574:0.031552)Node6:0.02814,((Av_AAY52745:0.141366,Av_AAY52761:0.048115)Node10:0.180843,((Av_AAY52751:0.112402,Av_ABB90192:0.034326)Node14:0.044822,Av_ABI94746:0.030777)Node13:0.04108)Node9:0.012085)Node5:0.016435,Av_AAT12009:0.072772)Node4:0.03242,(Av_ABD35787:0.114701,(Av_ABJ51683:0.123626,Av_AAT12010:0.056119)Node21:0.019073)Node19:0.024954)Node3:0.013721,Av_ABB88297:0.055049)Node2:0.153994,(Av_AAY52756:0.47258,(Av_ABB20293:0.040069,Av_ABB88341:0.123112)Node27:0.127339)Node25:0.01086,(((((Av_ABB19866:0.05611,Av_ABB18090:0.101705)Node34:0.017978,Av_ABI92279:0.104957)Node33:0.053878,Av_ABI95161:0.082436)Node32:0.007775,Av_ABB21803:0.070929)Node31:0.267348,(((((((((Hu_AAY98236:0.013554,Hu_AAZ83322:0.008106)Node48:1e-10,Hu_ABD79166:0.027317)Node47:0.004193,Hu_ABD59810:0.040865)Node46:0.088022,Hu_AAK18016:0.062666)Node45:0.037501,Hu_ABB04304:0.020115)Node44:1e-10,Hu_ABC40554:0.011987)Node43:0.132231,Hu_AAA43648:0.018738)Node42:0.095239,((((Hu_ABB02813:0.024775,Hu_ABD63073:0.004869)Node60:0.119142,Hu_ABI30388:0.021278)Node59:0.002595,(Hu_ABM22256:0.012339,Hu_ABF21232:0.003797)Node64:0.041478)Node58:0.001479,Hu_ABI92312:0.03642)Node57:0.085679)Node41:0.064268,Hu_CAA23855:0.044636)Node40:0.232812)Node30:0.160917)"
    }
  },
 "fits":{
   "MG94xREV with separate rates for branch sets":{
     "Log Likelihood":-14354.66516086207,
     "estimated parameters":83,
     "AIC-c":28875.85688794143,
     "Rate Distributions":{
       "Reference":{
         "0":{
           "omega":0.0358475185142392,
           "proportion":1
          }
        },
       "Test":{
         "0":{
           "omega":0.06086438665540171,
           "proportion":1
          }
        }
      },
     "display order":0
    },
   "RELAX alternative":{
     "Log Likelihood":-14337.22295652522,
     "estimated parameters":87,
     "AIC-c":28849.02422630346,
     "Rate Distributions":{
       "Test":{
         "0":{
           "omega":0.03055828230595985,
           "proportion":0.9475216941094228
          },
         "1":{
           "omega":0.08624639179342147,
           "proportion":0.02951204635661755
          },
         "2":{
           "omega":1.406214053090189,
           "proportion":0.02296625953395968
          }
        },
       "Reference":{
         "0":{
           "omega":0.008633170518552799,
           "proportion":0.9475216941094228
          },
         "1":{
           "omega":0.03548746561334477,
           "proportion":0.02951204635661755
          },
         "2":{
           "omega":1.591117592402516,
           "proportion":0.02296625953395968
          }
        }
      },
     "display order":1
    },
   "RELAX null":{
     "Log Likelihood":-14342.32693259405,
     "estimated parameters":86,
     "AIC-c":28857.21901361321,
     "Rate Distributions":{
       "Test":{
         "0":{
           "omega":0.01046814465897379,
           "proportion":0.9414925070678524
          },
         "1":{
           "omega":0.02082456028158243,
           "proportion":0.03390875632285974
          },
         "2":{
           "omega":1.735397668782146,
           "proportion":0.0245987366092879
          }
        },
       "Reference":{
         "0":{
           "omega":0.01046814465897379,
           "proportion":0.9414925070678524
          },
         "1":{
           "omega":0.02082456028158243,
           "proportion":0.03390875632285974
          },
         "2":{
           "omega":1.735397668782146,
           "proportion":0.0245987366092879
          }
        }
      },
     "display order":2
    }
  },
 "timers":{
   "Overall":{
     "timer":706,
     "order":0
    },
   "Preliminary model fitting":{
     "timer":38,
     "order":1
    },
   "RELAX alternative model fitting":{
     "timer":595,
     "order":3
    },
   "RELAX null model fitting":{
     "timer":50,
     "order":4
    }
  },
 "test results":{
   "LRT":10.2079521376545,
   "p-value":0.001398363652274415,
   "relaxation or intensification parameter":0.7340097272681602
  },
 "tested":{
   "0":{
     "Av_ABC66473":"Reference",
     "Av_ABJ96574":"Reference",
     "Node6":"Reference",
     "Av_AAY52745":"Reference",
     "Av_AAY52761":"Reference",
     "Node10":"Reference",
     "Av_AAY52751":"Reference",
     "Av_ABB90192":"Reference",
     "Node14":"Reference",
     "Av_ABI94746":"Reference",
     "Node13":"Reference",
     "Node9":"Reference",
     "Node5":"Reference",
     "Av_AAT12009":"Reference",
     "Node4":"Reference",
     "Av_ABD35787":"Reference",
     "Av_ABJ51683":"Reference",
     "Av_AAT12010":"Reference",
     "Node21":"Reference",
     "Node19":"Reference",
     "Node3":"Reference",
     "Av_ABB88297":"Reference",
     "Node2":"Reference",
     "Av_AAY52756":"Reference",
     "Av_ABB20293":"Reference",
     "Av_ABB88341":"Reference",
     "Node27":"Reference",
     "Node25":"Reference",
     "Av_ABB19866":"Reference",
     "Av_ABB18090":"Reference",
     "Node34":"Reference",
     "Av_ABI92279":"Reference",
     "Node33":"Reference",
     "Av_ABI95161":"Reference",
     "Node32":"Reference",
     "Av_ABB21803":"Reference",
     "Node31":"Reference",
     "Hu_AAY98236":"Test",
     "Hu_AAZ83322":"Test",
     "Node48":"Test",
     "Hu_ABD79166":"Test",
     "Node47":"Test",
     "Hu_ABD59810":"Test",
     "Node46":"Test",
     "Hu_AAK18016":"Test",
     "Node45":"Test",
     "Hu_ABB04304":"Test",
     "Node44":"Test",
     "Hu_ABC40554":"Test",
     "Node43":"Test",
     "Hu_AAA43648":"Test",
     "Node42":"Test",
     "Hu_ABB02813":"Test",
     "Hu_ABD63073":"Test",
     "Node60":"Test",
     "Hu_ABI30388":"Test",
     "Node59":"Test",
     "Hu_ABM22256":"Test",
     "Hu_ABF21232":"Test",
     "Node64":"Test",
     "Node58":"Test",
     "Hu_ABI92312":"Test",
     "Node57":"Test",
     "Node41":"Test",
     "Hu_CAA23855":"Test",
     "Node40":"Test",
     "Node30":"Reference"
    }
  },
 "data partitions":{
   "0":{
     "name":"relax.filter.default",